<ImportExportXml version="9.1.0.7028" SolutionPackageVersion="9.1" languagecode="1033" generatedBy="CrmLive" xmlns:xsi="http://www.w3.org/2001/XMLSchema-instance">
  <SolutionManifest>
    <UniqueName>Visitor</UniqueName>
    <LocalizedNames>
      <LocalizedName description="Visitor" languagecode="1033" />
    </LocalizedNames>
    <Descriptions>
      <Description description="Thanks for downloading this solution.&#xA;The next step is to import the powerapps solution to your powerplatform environment.&#xA;Both the solutions are on github." languagecode="1033" />
    </Descriptions>
    <Version>1.0.0.0</Version>
    <Managed>0</Managed>
    <Publisher>
      <UniqueName>diyd365</UniqueName>
      <LocalizedNames>
        <LocalizedName description="DIY D365" languagecode="1033" />
      </LocalizedNames>
      <Descriptions />
      <EMailAddress xsi:nil="true"></EMailAddress>
      <SupportingWebsiteUrl>https://www.diyd365.com</SupportingWebsiteUrl>
      <CustomizationPrefix>diyd365</CustomizationPrefix>
      <CustomizationOptionValuePrefix>35004</CustomizationOptionValuePrefix>
      <Addresses>
        <Address>
          <AddressNumber>1</AddressNumber>
          <AddressTypeCode>1</AddressTypeCode>
          <City xsi:nil="true"></City>
          <County xsi:nil="true"></County>
          <Country>Australia</Country>
          <Fax xsi:nil="true"></Fax>
          <FreightTermsCode xsi:nil="true"></FreightTermsCode>
          <ImportSequenceNumber xsi:nil="true"></ImportSequenceNumber>
          <Latitude xsi:nil="true"></Latitude>
          <Line1 xsi:nil="true"></Line1>
          <Line2 xsi:nil="true"></Line2>
          <Line3 xsi:nil="true"></Line3>
          <Longitude xsi:nil="true"></Longitude>
          <Name xsi:nil="true"></Name>
          <PostalCode xsi:nil="true"></PostalCode>
          <PostOfficeBox xsi:nil="true"></PostOfficeBox>
          <PrimaryContactName xsi:nil="true"></PrimaryContactName>
          <ShippingMethodCode>1</ShippingMethodCode>
          <StateOrProvince>QLD</StateOrProvince>
          <Telephone1 xsi:nil="true"></Telephone1>
          <Telephone2 xsi:nil="true"></Telephone2>
          <Telephone3 xsi:nil="true"></Telephone3>
          <TimeZoneRuleVersionNumber xsi:nil="true"></TimeZoneRuleVersionNumber>
          <UPSZone xsi:nil="true"></UPSZone>
          <UTCOffset xsi:nil="true"></UTCOffset>
          <UTCConversionTimeZoneCode xsi:nil="true"></UTCConversionTimeZoneCode>
        </Address>
        <Address>
          <AddressNumber>2</AddressNumber>
          <AddressTypeCode>1</AddressTypeCode>
          <City xsi:nil="true"></City>
          <County xsi:nil="true"></County>
          <Country xsi:nil="true"></Country>
          <Fax xsi:nil="true"></Fax>
          <FreightTermsCode xsi:nil="true"></FreightTermsCode>
          <ImportSequenceNumber xsi:nil="true"></ImportSequenceNumber>
          <Latitude xsi:nil="true"></Latitude>
          <Line1 xsi:nil="true"></Line1>
          <Line2 xsi:nil="true"></Line2>
          <Line3 xsi:nil="true"></Line3>
          <Longitude xsi:nil="true"></Longitude>
          <Name xsi:nil="true"></Name>
          <PostalCode xsi:nil="true"></PostalCode>
          <PostOfficeBox xsi:nil="true"></PostOfficeBox>
          <PrimaryContactName xsi:nil="true"></PrimaryContactName>
          <ShippingMethodCode>1</ShippingMethodCode>
          <StateOrProvince xsi:nil="true"></StateOrProvince>
          <Telephone1 xsi:nil="true"></Telephone1>
          <Telephone2 xsi:nil="true"></Telephone2>
          <Telephone3 xsi:nil="true"></Telephone3>
          <TimeZoneRuleVersionNumber xsi:nil="true"></TimeZoneRuleVersionNumber>
          <UPSZone xsi:nil="true"></UPSZone>
          <UTCOffset xsi:nil="true"></UTCOffset>
          <UTCConversionTimeZoneCode xsi:nil="true"></UTCConversionTimeZoneCode>
        </Address>
      </Addresses>
    </Publisher>
    <RootComponents>
      <RootComponent type="1" schemaName="contact" behavior="2" />
      <RootComponent type="1" schemaName="diyd365_visit" behavior="0" />
      <RootComponent type="1" schemaName="diyd365_visitor" behavior="0" />
      <RootComponent type="1" schemaName="equipment" behavior="0" />
      <RootComponent type="29" id="{0bb9c0a5-90a1-4600-b725-8a82bdeefdd6}" behavior="0" />
      <RootComponent type="29" id="{61c5190a-64c3-413e-8bd3-4b070367cab4}" behavior="0" />
      <RootComponent type="60" id="{0035dda8-96d4-4a40-a1b3-022c0b3ec662}" behavior="0" />
      <RootComponent type="60" id="{199e0528-c3bf-e911-a989-000d3a18b000}" behavior="0" />
      <RootComponent type="60" id="{1fed44d1-ae68-4a41-bd2b-f13acac4acfa}" behavior="0" />
      <RootComponent type="60" id="{2262b232-a8f5-4de1-bcc8-256809386409}" behavior="0" />
      <RootComponent type="60" id="{49d062e4-d892-4baa-af50-6387989ac638}" behavior="0" />
      <RootComponent type="62" schemaName="diyd365_VisitorRegisterModelDriven" behavior="0" />
      <RootComponent type="80" schemaName="diyd365_VisitorRegisterModelDriven" behavior="0" />
    </RootComponents>
    <MissingDependencies>
      <MissingDependency>
        <Required key="0" type="1" schemaName="incident" displayName="Case" solution="msdynce_Service (9.0.5.56)" />
        <Dependent key="1" type="60" displayName="Contact" parentDisplayName="Contact" id="{1fed44d1-ae68-4a41-bd2b-f13acac4acfa}" />
      </MissingDependency>
      <MissingDependency>
        <Required key="2" type="1" schemaName="opportunity" displayName="Opportunity" solution="msdynce_Sales (9.0.4.0076)" />
        <Dependent key="1" type="60" displayName="Contact" parentDisplayName="Contact" id="{1fed44d1-ae68-4a41-bd2b-f13acac4acfa}" />
      </MissingDependency>
      <MissingDependency>
        <Required key="3" type="1" schemaName="entitlement" displayName="Entitlement" solution="msdynce_Service (9.0.5.56)" />
        <Dependent key="1" type="60" displayName="Contact" parentDisplayName="Contact" id="{1fed44d1-ae68-4a41-bd2b-f13acac4acfa}" />
      </MissingDependency>
      <MissingDependency>
        <Required key="4" type="1" schemaName="msdyn_organizationalunit" displayName="Organizational Unit" solution="MicrosoftDynamicsScheduling (3.9.0.42)" />
        <Dependent key="5" type="10" schemaName="msdyn_organizationalunit_equipment" displayName="msdyn_organizationalunit_equipment" parentSchemaName="msdyn_organizationalunit" parentDisplayName="Organizational Unit" />
      </MissingDependency>
      <MissingDependency>
        <Required key="6" type="1" schemaName="list" displayName="Marketing List" solution="msdynce_Marketing (9.0.4.37)" />
        <Dependent key="7" type="62" schemaName="diyd365_VisitorRegisterModelDriven" />
      </MissingDependency>
      <MissingDependency>
        <Required key="8" type="1" schemaName="campaign" displayName="Campaign" solution="msdynce_Marketing (9.0.4.37)" />
        <Dependent key="7" type="62" schemaName="diyd365_VisitorRegisterModelDriven" />
      </MissingDependency>
      <MissingDependency>
        <Required key="6" type="1" schemaName="list" displayName="Marketing List" solution="msdynce_Marketing (9.0.4.37)" />
        <Dependent key="9" type="80" schemaName="diyd365_VisitorRegisterModelDriven" displayName="Visitor Register (Model Driven)" />
      </MissingDependency>
      <MissingDependency>
        <Required key="8" type="1" schemaName="campaign" displayName="Campaign" solution="msdynce_Marketing (9.0.4.37)" />
        <Dependent key="9" type="80" schemaName="diyd365_VisitorRegisterModelDriven" displayName="Visitor Register (Model Driven)" />
      </MissingDependency>
      <MissingDependency>
        <Required key="10" type="1" schemaName="equipment" displayName="Facility/Equipment" solution="msdynce_Service (9.0.5.56)" />
        <Dependent key="10" type="1" schemaName="equipment" displayName="Facility/Equipment" />
      </MissingDependency>
      <MissingDependency>
        <Required key="10" type="1" schemaName="equipment" displayName="Facility/Equipment" solution="msdynce_Service (9.0.5.56)" />
        <Dependent key="11" type="2" schemaName="modifiedonbehalfbyname" parentSchemaName="equipment" parentDisplayName="Facility/Equipment" />
      </MissingDependency>
      <MissingDependency>
        <Required key="10" type="1" schemaName="equipment" displayName="Facility/Equipment" solution="msdynce_Service (9.0.5.56)" />
        <Dependent key="12" type="2" schemaName="transactioncurrencyidname" parentSchemaName="equipment" parentDisplayName="Facility/Equipment" />
      </MissingDependency>
      <MissingDependency>
        <Required key="10" type="1" schemaName="equipment" displayName="Facility/Equipment" solution="msdynce_Service (9.0.5.56)" />
        <Dependent key="13" type="2" schemaName="businessunitidname" parentSchemaName="equipment" parentDisplayName="Facility/Equipment" />
      </MissingDependency>
      <MissingDependency>
        <Required key="10" type="1" schemaName="equipment" displayName="Facility/Equipment" solution="msdynce_Service (9.0.5.56)" />
        <Dependent key="14" type="2" schemaName="createdonbehalfbyyominame" parentSchemaName="equipment" parentDisplayName="Facility/Equipment" />
      </MissingDependency>
      <MissingDependency>
        <Required key="10" type="1" schemaName="equipment" displayName="Facility/Equipment" solution="msdynce_Service (9.0.5.56)" />
        <Dependent key="15" type="2" schemaName="modifiedbyname" parentSchemaName="equipment" parentDisplayName="Facility/Equipment" />
      </MissingDependency>
      <MissingDependency>
        <Required key="10" type="1" schemaName="equipment" displayName="Facility/Equipment" solution="msdynce_Service (9.0.5.56)" />
        <Dependent key="16" type="2" schemaName="createdonbehalfbyname" parentSchemaName="equipment" parentDisplayName="Facility/Equipment" />
      </MissingDependency>
      <MissingDependency>
        <Required key="10" type="1" schemaName="equipment" displayName="Facility/Equipment" solution="msdynce_Service (9.0.5.56)" />
        <Dependent key="17" type="2" schemaName="createdbyyominame" parentSchemaName="equipment" parentDisplayName="Facility/Equipment" />
      </MissingDependency>
      <MissingDependency>
        <Required key="10" type="1" schemaName="equipment" displayName="Facility/Equipment" solution="msdynce_Service (9.0.5.56)" />
        <Dependent key="18" type="2" schemaName="modifiedbyyominame" parentSchemaName="equipment" parentDisplayName="Facility/Equipment" />
      </MissingDependency>
      <MissingDependency>
        <Required key="10" type="1" schemaName="equipment" displayName="Facility/Equipment" solution="msdynce_Service (9.0.5.56)" />
        <Dependent key="19" type="2" schemaName="msdyn_organizationalunitidname" parentSchemaName="equipment" parentDisplayName="Facility/Equipment" />
      </MissingDependency>
      <MissingDependency>
        <Required key="10" type="1" schemaName="equipment" displayName="Facility/Equipment" solution="msdynce_Service (9.0.5.56)" />
        <Dependent key="9" type="80" schemaName="diyd365_VisitorRegisterModelDriven" displayName="Visitor Register (Model Driven)" />
      </MissingDependency>
      <MissingDependency>
        <Required key="10" type="1" schemaName="equipment" displayName="Facility/Equipment" solution="msdynce_Service (9.0.5.56)" />
        <Dependent key="5" type="10" schemaName="msdyn_organizationalunit_equipment" displayName="msdyn_organizationalunit_equipment" parentSchemaName="msdyn_organizationalunit" parentDisplayName="Organizational Unit" />
      </MissingDependency>
      <MissingDependency>
        <Required key="10" type="1" schemaName="equipment" displayName="Facility/Equipment" solution="msdynce_Service (9.0.5.56)" />
        <Dependent key="20" type="10" schemaName="equipment_contacts" displayName="equipment_contacts" parentSchemaName="equipment" parentDisplayName="Facility/Equipment" />
      </MissingDependency>
      <MissingDependency>
        <Required key="10" type="1" schemaName="equipment" displayName="Facility/Equipment" solution="msdynce_Service (9.0.5.56)" />
        <Dependent key="21" type="10" schemaName="diyd365_equipment_diyd365_visit_Facility" displayName="diyd365_equipment_diyd365_visit_Facility" parentSchemaName="equipment" parentDisplayName="Facility/Equipment" />
      </MissingDependency>
      <MissingDependency>
        <Required key="10" type="1" schemaName="equipment" displayName="Facility/Equipment" solution="msdynce_Service (9.0.5.56)" />
        <Dependent key="22" type="2" schemaName="createdbyname" parentSchemaName="equipment" parentDisplayName="Facility/Equipment" />
      </MissingDependency>
      <MissingDependency>
        <Required key="10" type="1" schemaName="equipment" displayName="Facility/Equipment" solution="msdynce_Service (9.0.5.56)" />
        <Dependent key="23" type="2" schemaName="organizationidname" parentSchemaName="equipment" parentDisplayName="Facility/Equipment" />
      </MissingDependency>
      <MissingDependency>
        <Required key="10" type="1" schemaName="equipment" displayName="Facility/Equipment" solution="msdynce_Service (9.0.5.56)" />
        <Dependent key="24" type="2" schemaName="siteidname" parentSchemaName="equipment" parentDisplayName="Facility/Equipment" />
      </MissingDependency>
      <MissingDependency>
        <Required key="10" type="1" schemaName="equipment" displayName="Facility/Equipment" solution="msdynce_Service (9.0.5.56)" />
        <Dependent key="25" type="2" schemaName="modifiedonbehalfbyyominame" parentSchemaName="equipment" parentDisplayName="Facility/Equipment" />
      </MissingDependency>
      <MissingDependency>
        <Required key="26" type="1" schemaName="bookableresource" displayName="Bookable Resource" solution="msdynce_Scheduling (9.0.0.0)" />
        <Dependent key="10" type="1" schemaName="equipment" displayName="Facility/Equipment" />
      </MissingDependency>
      <MissingDependency>
        <Required key="28" type="2" schemaName="originatingleadid" displayName="Originating Lead" parentSchemaName="contact" parentDisplayName="Contact" solution="msdynce_LeadManagement (9.0.4.0066)" />
        <Dependent key="29" type="60" displayName="Portal Contact for Interactive experience" parentDisplayName="Contact" id="{49d062e4-d892-4baa-af50-6387989ac638}" />
      </MissingDependency>
      <MissingDependency>
        <Required key="30" type="2" schemaName="msdyn_organizationalunitid" displayName="Organizational Unit" parentSchemaName="equipment" parentDisplayName="Facility/Equipment" solution="msdynce_CoreServiceScheduling (9.0.1906.4002)" />
        <Dependent key="5" type="10" schemaName="msdyn_organizationalunit_equipment" displayName="msdyn_organizationalunit_equipment" parentSchemaName="msdyn_organizationalunit" parentDisplayName="Organizational Unit" />
      </MissingDependency>
      <MissingDependency>
        <Required key="31" type="2" schemaName="equipmentid" displayName="Facility/Equipment" parentSchemaName="equipment" parentDisplayName="Facility/Equipment" solution="msdynce_Service (9.0.5.56)" />
        <Dependent key="20" type="10" schemaName="equipment_contacts" displayName="equipment_contacts" parentSchemaName="equipment" parentDisplayName="Facility/Equipment" />
      </MissingDependency>
      <MissingDependency>
        <Required key="31" type="2" schemaName="equipmentid" displayName="Facility/Equipment" parentSchemaName="equipment" parentDisplayName="Facility/Equipment" solution="msdynce_Service (9.0.5.56)" />
        <Dependent key="21" type="10" schemaName="diyd365_equipment_diyd365_visit_Facility" displayName="diyd365_equipment_diyd365_visit_Facility" parentSchemaName="equipment" parentDisplayName="Facility/Equipment" />
      </MissingDependency>
      <MissingDependency>
        <Required key="32" type="2" schemaName="name" displayName="Name" parentSchemaName="equipment" parentDisplayName="Facility/Equipment" solution="msdynce_Service (9.0.5.56)" />
        <Dependent key="21" type="10" schemaName="diyd365_equipment_diyd365_visit_Facility" displayName="diyd365_equipment_diyd365_visit_Facility" parentSchemaName="equipment" parentDisplayName="Facility/Equipment" />
      </MissingDependency>
      <MissingDependency>
        <Required key="32" type="2" schemaName="name" displayName="Name" parentSchemaName="equipment" parentDisplayName="Facility/Equipment" solution="msdynce_Service (9.0.5.56)" />
        <Dependent key="20" type="10" schemaName="equipment_contacts" displayName="equipment_contacts" parentSchemaName="equipment" parentDisplayName="Facility/Equipment" />
      </MissingDependency>
      <MissingDependency>
        <Required key="32" type="2" schemaName="name" displayName="Name" parentSchemaName="equipment" parentDisplayName="Facility/Equipment" solution="msdynce_Service (9.0.5.56)" />
        <Dependent key="33" type="10" schemaName="diyd365_equipment_contact_LastFacilityVisited" displayName="diyd365_equipment_contact_LastFacilityVisited" parentSchemaName="equipment" parentDisplayName="Facility/Equipment" />
      </MissingDependency>
      <MissingDependency>
        <Required key="34" type="2" schemaName="msdyn_name" displayName="Name" parentSchemaName="msdyn_organizationalunit" parentDisplayName="Organizational Unit" solution="MicrosoftDynamicsScheduling (3.9.0.42)" />
        <Dependent key="5" type="10" schemaName="msdyn_organizationalunit_equipment" displayName="msdyn_organizationalunit_equipment" parentSchemaName="msdyn_organizationalunit" parentDisplayName="Organizational Unit" />
      </MissingDependency>
      <MissingDependency>
        <Required key="35" type="2" schemaName="msdyn_organizationalunitid" displayName="Organizational Unit" parentSchemaName="msdyn_organizationalunit" parentDisplayName="Organizational Unit" solution="MicrosoftDynamicsScheduling (3.9.0.42)" />
        <Dependent key="5" type="10" schemaName="msdyn_organizationalunit_equipment" displayName="msdyn_organizationalunit_equipment" parentSchemaName="msdyn_organizationalunit" parentDisplayName="Organizational Unit" />
      </MissingDependency>
      <MissingDependency>
        <Required key="36" type="2" schemaName="preferredequipmentid" displayName="Preferred Facility/Equipment" parentSchemaName="contact" parentDisplayName="Contact" solution="msdynce_Service (9.0.5.56)" />
        <Dependent key="20" type="10" schemaName="equipment_contacts" displayName="equipment_contacts" parentSchemaName="equipment" parentDisplayName="Facility/Equipment" />
      </MissingDependency>
      <MissingDependency>
        <Required key="28" type="2" schemaName="originatingleadid" displayName="Originating Lead" parentSchemaName="contact" parentDisplayName="Contact" solution="msdynce_LeadManagement (9.0.4.0066)" />
        <Dependent key="37" type="60" displayName="Member/Visitor" parentDisplayName="Contact" id="{2262b232-a8f5-4de1-bcc8-256809386409}" />
      </MissingDependency>
      <MissingDependency>
        <Required key="28" type="2" schemaName="originatingleadid" displayName="Originating Lead" parentSchemaName="contact" parentDisplayName="Contact" solution="msdynce_LeadManagement (9.0.4.0066)" />
        <Dependent key="1" type="60" displayName="Contact" parentDisplayName="Contact" id="{1fed44d1-ae68-4a41-bd2b-f13acac4acfa}" />
      </MissingDependency>
      <MissingDependency>
        <Required key="38" type="2" schemaName="businesscard" displayName="Business Card" parentSchemaName="contact" parentDisplayName="Contact" solution="msdynce_SalesPatch201904 (9.0.1907.4524)" />
        <Dependent key="1" type="60" displayName="Contact" parentDisplayName="Contact" id="{1fed44d1-ae68-4a41-bd2b-f13acac4acfa}" />
      </MissingDependency>
      <MissingDependency>
        <Required key="5" type="10" schemaName="msdyn_organizationalunit_equipment" displayName="msdyn_organizationalunit_equipment" parentSchemaName="msdyn_organizationalunit" parentDisplayName="Organizational Unit" solution="msdynce_CoreServiceScheduling (9.0.1906.4002)" />
        <Dependent key="5" type="10" schemaName="msdyn_organizationalunit_equipment" displayName="msdyn_organizationalunit_equipment" parentSchemaName="msdyn_organizationalunit" parentDisplayName="Organizational Unit" />
      </MissingDependency>
      <MissingDependency>
        <Required key="5" type="10" schemaName="msdyn_organizationalunit_equipment" displayName="msdyn_organizationalunit_equipment" parentSchemaName="msdyn_organizationalunit" parentDisplayName="Organizational Unit" solution="msdynce_CoreServiceScheduling (9.0.1906.4002)" />
        <Dependent key="19" type="2" schemaName="msdyn_organizationalunitidname" parentSchemaName="equipment" parentDisplayName="Facility/Equipment" />
      </MissingDependency>
      <MissingDependency>
        <Required key="39" type="26" schemaName="All Entitlements" displayName="All Entitlements" parentSchemaName="entitlement" parentDisplayName="Entitlement" solution="msdynce_Service (9.0.5.56)" id="{aa69e7e2-913a-4a5a-8609-8ca443554909}" />
        <Dependent key="1" type="60" displayName="Contact" parentDisplayName="Contact" id="{1fed44d1-ae68-4a41-bd2b-f13acac4acfa}" />
      </MissingDependency>
      <MissingDependency>
        <Required key="40" type="26" schemaName="My Active Cases" displayName="My Active Cases" parentSchemaName="incident" parentDisplayName="Case" solution="msdynce_Service (9.0.5.56)" id="{00000000-0000-0000-00aa-000010001028}" />
        <Dependent key="1" type="60" displayName="Contact" parentDisplayName="Contact" id="{1fed44d1-ae68-4a41-bd2b-f13acac4acfa}" />
      </MissingDependency>
      <MissingDependency>
        <Required key="41" type="26" schemaName="Recent Opportunities" displayName="Recent Opportunities" parentSchemaName="opportunity" parentDisplayName="Opportunity" solution="msdynce_Sales (9.0.4.0076)" id="{9c3f7ee8-eca7-e211-9fb6-00155dd0ea05}" />
        <Dependent key="1" type="60" displayName="Contact" parentDisplayName="Contact" id="{1fed44d1-ae68-4a41-bd2b-f13acac4acfa}" />
      </MissingDependency>
      <MissingDependency>
        <Required key="42" type="26" schemaName="Recent Cases" displayName="Recent Cases" parentSchemaName="incident" parentDisplayName="Case" solution="msdynce_Service (9.0.5.56)" id="{ebd1d24a-eea7-e211-9fb6-00155dd0ea05}" />
        <Dependent key="1" type="60" displayName="Contact" parentDisplayName="Contact" id="{1fed44d1-ae68-4a41-bd2b-f13acac4acfa}" />
      </MissingDependency>
      <MissingDependency>
        <Required key="43" type="26" schemaName="My Open Opportunities" displayName="My Open Opportunities" parentSchemaName="opportunity" parentDisplayName="Opportunity" solution="msdynce_Sales (9.0.4.0076)" id="{00000000-0000-0000-00aa-000010003000}" />
        <Dependent key="1" type="60" displayName="Contact" parentDisplayName="Contact" id="{1fed44d1-ae68-4a41-bd2b-f13acac4acfa}" />
      </MissingDependency>
      <MissingDependency>
        <Required key="44" type="59" schemaName="Entitlements Expiration" displayName="Entitlements Expiration" parentSchemaName="entitlement" parentDisplayName="Entitlement" solution="msdynce_Service (9.0.5.56)" id="{fdb919bb-c6fc-4fc8-8fa5-67ace68e41d1}" />
        <Dependent key="1" type="60" displayName="Contact" parentDisplayName="Contact" id="{1fed44d1-ae68-4a41-bd2b-f13acac4acfa}" />
      </MissingDependency>
      <MissingDependency>
        <Required key="45" type="59" schemaName="Top Customers" displayName="Top Customers" parentSchemaName="opportunity" parentDisplayName="Opportunity" solution="msdynce_Sales (9.0.4.0076)" id="{8bc5fb18-48f2-4782-9e16-3d452fa4ddce}" />
        <Dependent key="1" type="60" displayName="Contact" parentDisplayName="Contact" id="{1fed44d1-ae68-4a41-bd2b-f13acac4acfa}" />
      </MissingDependency>
      <MissingDependency>
        <Required key="46" type="59" schemaName="Case Mix (By Business Unit)" displayName="Case Mix (By Business Unit)" parentSchemaName="incident" parentDisplayName="Case" solution="msdynce_Service (9.0.5.56)" id="{f10375a6-4893-de11-97d4-00155da3b01e}" />
        <Dependent key="1" type="60" displayName="Contact" parentDisplayName="Contact" id="{1fed44d1-ae68-4a41-bd2b-f13acac4acfa}" />
      </MissingDependency>
      <MissingDependency>
        <Required key="47" type="60" displayName="contact card" parentDisplayName="Contact" solution="msdynce_AppCommon (9.0.4.0066)" id="{707fc57b-c5e6-471b-a180-e37ed28a38e2}" />
        <Dependent key="29" type="60" displayName="Portal Contact for Interactive experience" parentDisplayName="Contact" id="{49d062e4-d892-4baa-af50-6387989ac638}" />
      </MissingDependency>
      <MissingDependency>
        <Required key="48" type="60" displayName="account contact card" parentDisplayName="Contact" solution="msdynce_AppCommon (9.0.4.0066)" id="{29de27bc-a257-4f29-99cf-bab4a84e688f}" />
        <Dependent key="1" type="60" displayName="Contact" parentDisplayName="Contact" id="{1fed44d1-ae68-4a41-bd2b-f13acac4acfa}" />
      </MissingDependency>
      <MissingDependency>
        <Required key="29" type="60" displayName="Portal Contact for Interactive experience" parentDisplayName="Contact" solution="KnowledgeManagement (9.0.12.10)" id="{49d062e4-d892-4baa-af50-6387989ac638}" />
        <Dependent key="29" type="60" displayName="Portal Contact for Interactive experience" parentDisplayName="Contact" id="{49d062e4-d892-4baa-af50-6387989ac638}" />
      </MissingDependency>
      <MissingDependency>
        <Required key="1" type="60" displayName="Contact" parentDisplayName="Contact" solution="msdynce_AppCommon (9.0.4.0066)" id="{1fed44d1-ae68-4a41-bd2b-f13acac4acfa}" />
        <Dependent key="1" type="60" displayName="Contact" parentDisplayName="Contact" id="{1fed44d1-ae68-4a41-bd2b-f13acac4acfa}" />
      </MissingDependency>
      <MissingDependency>
        <Required key="49" type="60" displayName="Contact - Mobile" parentDisplayName="Contact" solution="FieldService (8.8.0.88)" id="{28b5b9b6-dfa2-45d6-8a81-3f6ba02a098a}" />
        <Dependent key="9" type="80" schemaName="diyd365_VisitorRegisterModelDriven" displayName="Visitor Register (Model Driven)" />
      </MissingDependency>
      <MissingDependency>
        <Required key="50" type="66" schemaName="MscrmControls.TalkingPointsControl.TalkingPoints" displayName="MscrmControls.TalkingPointsControl.TalkingPoints" solution="msdynce_Talkingpoints (9.0.1.70244)" />
        <Dependent key="1" type="60" displayName="Contact" parentDisplayName="Contact" id="{1fed44d1-ae68-4a41-bd2b-f13acac4acfa}" />
      </MissingDependency>
      <MissingDependency>
        <Required key="51" type="66" schemaName="MscrmControls.CardFeedContainer.CardFeedContainer" displayName="MscrmControls.CardFeedContainer.CardFeedContainer" solution="CustomControlsCore (9.1.0000.7028)" />
        <Dependent key="1" type="60" displayName="Contact" parentDisplayName="Contact" id="{1fed44d1-ae68-4a41-bd2b-f13acac4acfa}" />
      </MissingDependency>
      <MissingDependency>
        <Required key="52" type="66" schemaName="Intelligence.BusinessCardReaderControl.BusinessCardReader" displayName="Intelligence.BusinessCardReaderControl.BusinessCardReader" solution="BaseCustomControlsCore (9.0.1907.2025)" />
        <Dependent key="1" type="60" displayName="Contact" parentDisplayName="Contact" id="{1fed44d1-ae68-4a41-bd2b-f13acac4acfa}" />
      </MissingDependency>
      <MissingDependency>
        <Required key="53" type="61" schemaName="msdyn_/Contact/Contact.Library.js" displayName="msdyn_/Contact/Contact.Library.js" solution="FieldService (8.8.0.88)" />
        <Dependent key="1" type="60" displayName="Contact" parentDisplayName="Contact" id="{1fed44d1-ae68-4a41-bd2b-f13acac4acfa}" />
      </MissingDependency>
      <MissingDependency>
        <Required key="54" type="61" schemaName="AppCommon/Contact/Contact_main_system_library.js" displayName="AppCommon/Contact/Contact_main_system_library.js" solution="msdynce_AppCommon (9.0.4.0066)" />
        <Dependent key="1" type="60" displayName="Contact" parentDisplayName="Contact" id="{1fed44d1-ae68-4a41-bd2b-f13acac4acfa}" />
      </MissingDependency>
      <MissingDependency>
        <Required key="55" type="61" schemaName="msdyn_talkingpointsloader.js" displayName="msdyn_talkingpointsloader.js" solution="msdynce_Talkingpoints (9.0.1.70244)" />
        <Dependent key="37" type="60" displayName="Member/Visitor" parentDisplayName="Contact" id="{2262b232-a8f5-4de1-bcc8-256809386409}" />
      </MissingDependency>
      <MissingDependency>
        <Required key="53" type="61" schemaName="msdyn_/Contact/Contact.Library.js" displayName="msdyn_/Contact/Contact.Library.js" solution="FieldService (8.8.0.88)" />
        <Dependent key="37" type="60" displayName="Member/Visitor" parentDisplayName="Contact" id="{2262b232-a8f5-4de1-bcc8-256809386409}" />
      </MissingDependency>
      <MissingDependency>
        <Required key="54" type="61" schemaName="AppCommon/Contact/Contact_main_system_library.js" displayName="AppCommon/Contact/Contact_main_system_library.js" solution="msdynce_AppCommon (9.0.4.0066)" />
        <Dependent key="29" type="60" displayName="Portal Contact for Interactive experience" parentDisplayName="Contact" id="{49d062e4-d892-4baa-af50-6387989ac638}" />
      </MissingDependency>
      <MissingDependency>
        <Required key="56" type="61" schemaName="msdyn_/Images/AppModule_Default_Icon.png" displayName="msdyn_/Images/AppModule_Default_Icon.png" solution="AppModuleWebResources (2.5)" />
        <Dependent key="9" type="80" schemaName="diyd365_VisitorRegisterModelDriven" displayName="Visitor Register (Model Driven)" />
      </MissingDependency>
      <MissingDependency>
        <Required key="55" type="61" schemaName="msdyn_talkingpointsloader.js" displayName="msdyn_talkingpointsloader.js" solution="msdynce_Talkingpoints (9.0.1.70244)" />
        <Dependent key="1" type="60" displayName="Contact" parentDisplayName="Contact" id="{1fed44d1-ae68-4a41-bd2b-f13acac4acfa}" />
      </MissingDependency>
    </MissingDependencies>
  </SolutionManifest>
</ImportExportXml>