{"schemaVersion":"1.0","appDefinitionTemplate":{"id":"/providers/Microsoft.PowerApps/apps/","type":"Microsoft.PowerApps/apps","tags":{"minimumRequiredApiVersion":"2.2.0"},"properties":{"appVersion":"2019-08-16T04:33:05Z","lifeCycleId":"Published","createdByClientVersion":{"major":3,"minor":19081,"build":20,"revision":0,"majorRevision":0,"minorRevision":0},"minClientVersion":{"major":3,"minor":19081,"build":20,"revision":0,"majorRevision":0,"minorRevision":0},"backgroundColor":"rgba(0, 176, 240, 1)","backgroundImageUri":"/11372049977735276508/N48296402-2619-4315-919a-ae9d006ed1a9-logoSmallFile","displayName":"Visitor Register App","description":"","appUris":{"documentUri":{"value":"/11372049977735276508/Nbbb54c52-76cc-4768-93bc-5353ee8826d2-document.msapp","readonlyValue":"/11372049977735276508/Nbbb54c52-76cc-4768-93bc-5353ee8826d2-document.msapp"},"imageUris":[]},"createdTime":"0001-01-01T00:00:00Z","lastModifiedTime":"0001-01-01T00:00:00Z","sharedGroupsCount":0,"sharedUsersCount":0,"icons":{"smallIconUri":"/11372049977735276508/Nf2599b8f-4754-4f3f-ba6a-ec5e64a1533a-small.png","mediumIconUri":"/11372049977735276508/N47a226fc-1bc3-4708-ad4b-f7236f98c441-medium.png","largeIconUri":"/11372049977735276508/Neca7f101-a2ba-49d9-8dc9-3eedffeea156-large.png","wideIconUri":"/11372049977735276508/Nec061fe0-27b7-4eb3-b336-9f4cc4c6969f-wide.png"},"connectionReferences":{"83dada18-157a-4dad-8bd6-ec4c59b0c620":{"id":"4945aae7-4bda-44af-9f24-50c9e6526d6a","displayName":"Common Data Service","iconUri":"https://connectoricons-prod.azureedge.net/commondataservice/icon_1.0.1244.1669.png","dataSources":["Contacts","Visits"],"dependencies":[],"dependents":[],"parameterHints":{},"isOnPremiseConnection":false,"bypassConsent":false,"dataSets":{"default.cds":{"dataSources":{"Contacts":{"tableName":"contacts"},"Visits":{"tableName":"diyd365_visits"}}}},"apiTier":"Premium","isCustomApiConnection":false},"d40a615d-6c22-4fd9-bf3b-fc2a1e08ad2b":{"id":"f0a81559-9b3d-48d3-95e9-d00fbb2419f6","displayName":"Dynamics 365","iconUri":"https://connectoricons-prod.azureedge.net/dynamicscrmonline/icon_1.0.1230.1641.png","dataSources":["Facilities/Equipment","Contacts_1","Contacts_2"],"dependencies":[],"dependents":[],"parameterHints":{},"isOnPremiseConnection":false,"bypassConsent":false,"dataSets":{"org24571fa9.crm6":{"dataSources":{"Facilities/Equipment":{"tableName":"equipments"},"Contacts_1":{"tableName":"contacts"},"Contacts_2":{"tableName":"contacts"}}}},"apiTier":"Standard","isCustomApiConnection":false},"78e7663f-6dbc-4291-b6f5-a8bf02dcce6e":{"id":"a58c508d-e096-4e6c-ac1d-8fc942d0e918","displayName":"Office 365 Users","iconUri":"https://connectoricons-prod.azureedge.net/office365users/icon_1.0.1229.1638.png","dataSources":["Office365Users"],"dependencies":[],"dependents":[],"parameterHints":{},"isOnPremiseConnection":false,"bypassConsent":false,"dataSets":{},"apiTier":"Standard","isCustomApiConnection":false}},"databaseReferences":{},"almMode":"Environment"}}}